﻿{"swagger":"2.0","info":{"version":"v0.1","title":"Covenant API"},"basePath":"/","paths":{"/api/users":{"get":{"tags":["CovenantUserApi"],"operationId":"ApiUsersGet","consumes":[],"produces":["text/plain","application/json","text/json"],"responses":{"200":{"description":"Success","schema":{"type":"array","items":{"$ref":"#/definitions/CovenantUser"}}}}},"put":{"tags":["CovenantUserApi"],"operationId":"ApiUsersPut","consumes":["application/json-patch+json","application/json","text/json","application/*+json"],"produces":["text/plain","application/json","text/json"],"parameters":[{"name":"user","in":"body","required":false,"schema":{"$ref":"#/definitions/CovenantUserLogin"}}],"responses":{"200":{"description":"Success","schema":{"$ref":"#/definitions/CovenantUser"}}}},"post":{"tags":["CovenantUserApi"],"operationId":"ApiUsersPost","consumes":["application/json-patch+json","application/json","text/json","application/*+json"],"produces":["text/plain","application/json","text/json"],"parameters":[{"name":"login","in":"body","required":false,"schema":{"$ref":"#/definitions/CovenantUserLogin"}}],"responses":{"201":{"description":"Success","schema":{"$ref":"#/definitions/CovenantUser"}}}}},"/api/users/{id}":{"get":{"tags":["CovenantUserApi"],"operationId":"ApiUsersByIdGet","consumes":[],"produces":["text/plain","application/json","text/json"],"parameters":[{"name":"id","in":"path","required":true,"type":"string"}],"responses":{"200":{"description":"Success","schema":{"$ref":"#/definitions/CovenantUser"}}}},"delete":{"tags":["CovenantUserApi"],"operationId":"ApiUsersByIdDelete","consumes":[],"produces":[],"parameters":[{"name":"id","in":"path","required":true,"type":"string"}],"responses":{"204":{"description":"Success"}}}},"/api/users/current":{"get":{"tags":["CovenantUserApi"],"operationId":"ApiUsersCurrentGet","consumes":[],"produces":["text/plain","application/json","text/json"],"responses":{"200":{"description":"Success","schema":{"$ref":"#/definitions/CovenantUser"}}}}},"/api/users/login":{"post":{"tags":["CovenantUserApi"],"operationId":"ApiUsersLoginPost","consumes":["application/json-patch+json","application/json","text/json","application/*+json"],"produces":["text/plain","application/json","text/json"],"parameters":[{"name":"login","in":"body","required":false,"schema":{"$ref":"#/definitions/CovenantUserLogin"}}],"responses":{"200":{"description":"Success","schema":{"$ref":"#/definitions/CovenantUserLoginResult"}}}}},"/api/users/roles":{"get":{"tags":["CovenantUserApi"],"operationId":"ApiUsersRolesGet","consumes":[],"produces":["text/plain","application/json","text/json"],"responses":{"200":{"description":"Success","schema":{"type":"array","items":{"$ref":"#/definitions/IdentityUserRole[String]"}}}}}},"/api/users/{id}/roles":{"get":{"tags":["CovenantUserApi"],"operationId":"ApiUsersByIdRolesGet","consumes":[],"produces":["text/plain","application/json","text/json"],"parameters":[{"name":"id","in":"path","required":true,"type":"string"}],"responses":{"200":{"description":"Success","schema":{"type":"array","items":{"$ref":"#/definitions/IdentityUserRole[String]"}}}}}},"/api/users/{id}/roles/{rid}":{"get":{"tags":["CovenantUserApi"],"operationId":"ApiUsersByIdRolesByRidGet","consumes":[],"produces":["text/plain","application/json","text/json"],"parameters":[{"name":"id","in":"path","required":true,"type":"string"},{"name":"rid","in":"path","required":true,"type":"string"}],"responses":{"200":{"description":"Success","schema":{"$ref":"#/definitions/IdentityUserRole[String]"}}}},"post":{"tags":["CovenantUserApi"],"operationId":"ApiUsersByIdRolesByRidPost","consumes":[],"produces":["text/plain","application/json","text/json"],"parameters":[{"name":"id","in":"path","required":true,"type":"string"},{"name":"rid","in":"path","required":true,"type":"string"}],"responses":{"201":{"description":"Success","schema":{"$ref":"#/definitions/IdentityUserRole[String]"}}}},"delete":{"tags":["CovenantUserApi"],"operationId":"ApiUsersByIdRolesByRidDelete","consumes":[],"produces":[],"parameters":[{"name":"id","in":"path","required":true,"type":"string"},{"name":"rid","in":"path","required":true,"type":"string"}],"responses":{"204":{"description":"Success"}}}},"/api/roles":{"get":{"tags":["CovenantUserApi"],"operationId":"ApiRolesGet","consumes":[],"produces":["text/plain","application/json","text/json"],"responses":{"200":{"description":"Success","schema":{"type":"array","items":{"$ref":"#/definitions/IdentityRole"}}}}}},"/api/roles/{rid}":{"get":{"tags":["CovenantUserApi"],"operationId":"ApiRolesByRidGet","consumes":[],"produces":["text/plain","application/json","text/json"],"parameters":[{"name":"rid","in":"path","required":true,"type":"string"}],"responses":{"200":{"description":"Success","schema":{"$ref":"#/definitions/IdentityRole"}}}}},"/api/credentials":{"get":{"tags":["CredentialApi"],"operationId":"ApiCredentialsGet","consumes":[],"produces":["text/plain","application/json","text/json"],"responses":{"200":{"description":"Success","schema":{"type":"array","items":{"$ref":"#/definitions/CapturedCredential"}}}}}},"/api/credentials/passwords":{"get":{"tags":["CredentialApi"],"operationId":"ApiCredentialsPasswordsGet","consumes":[],"produces":["text/plain","application/json","text/json"],"responses":{"200":{"description":"Success","schema":{"type":"array","items":{"$ref":"#/definitions/CapturedPasswordCredential"}}}}},"put":{"tags":["CredentialApi"],"operationId":"ApiCredentialsPasswordsPut","consumes":["application/json-patch+json","application/json","text/json","application/*+json"],"produces":["text/plain","application/json","text/json"],"parameters":[{"name":"credential","in":"body","required":false,"schema":{"$ref":"#/definitions/CapturedPasswordCredential"}}],"responses":{"200":{"description":"Success","schema":{"$ref":"#/definitions/CapturedPasswordCredential"}}}},"post":{"tags":["CredentialApi"],"operationId":"ApiCredentialsPasswordsPost","consumes":["application/json-patch+json","application/json","text/json","application/*+json"],"produces":["text/plain","application/json","text/json"],"parameters":[{"name":"credential","in":"body","required":false,"schema":{"$ref":"#/definitions/CapturedPasswordCredential"}}],"responses":{"201":{"description":"Success","schema":{"$ref":"#/definitions/CapturedPasswordCredential"}}}}},"/api/credentials/hashes":{"get":{"tags":["CredentialApi"],"operationId":"ApiCredentialsHashesGet","consumes":[],"produces":["text/plain","application/json","text/json"],"responses":{"200":{"description":"Success","schema":{"type":"array","items":{"$ref":"#/definitions/CapturedHashCredential"}}}}},"put":{"tags":["CredentialApi"],"operationId":"ApiCredentialsHashesPut","consumes":["application/json-patch+json","application/json","text/json","application/*+json"],"produces":["text/plain","application/json","text/json"],"parameters":[{"name":"credential","in":"body","required":false,"schema":{"$ref":"#/definitions/CapturedHashCredential"}}],"responses":{"200":{"description":"Success","schema":{"$ref":"#/definitions/CapturedHashCredential"}}}},"post":{"tags":["CredentialApi"],"operationId":"ApiCredentialsHashesPost","consumes":["application/json-patch+json","application/json","text/json","application/*+json"],"produces":["text/plain","application/json","text/json"],"parameters":[{"name":"credential","in":"body","required":false,"schema":{"$ref":"#/definitions/CapturedHashCredential"}}],"responses":{"201":{"description":"Success","schema":{"$ref":"#/definitions/CapturedHashCredential"}}}}},"/api/credentials/tickets":{"get":{"tags":["CredentialApi"],"operationId":"ApiCredentialsTicketsGet","consumes":[],"produces":["text/plain","application/json","text/json"],"responses":{"200":{"description":"Success","schema":{"type":"array","items":{"$ref":"#/definitions/CapturedTicketCredential"}}}}},"put":{"tags":["CredentialApi"],"operationId":"ApiCredentialsTicketsPut","consumes":["application/json-patch+json","application/json","text/json","application/*+json"],"produces":["text/plain","application/json","text/json"],"parameters":[{"name":"credential","in":"body","required":false,"schema":{"$ref":"#/definitions/CapturedTicketCredential"}}],"responses":{"200":{"description":"Success","schema":{"$ref":"#/definitions/CapturedTicketCredential"}}}},"post":{"tags":["CredentialApi"],"operationId":"ApiCredentialsTicketsPost","consumes":["application/json-patch+json","application/json","text/json","application/*+json"],"produces":["text/plain","application/json","text/json"],"parameters":[{"name":"credential","in":"body","required":false,"schema":{"$ref":"#/definitions/CapturedTicketCredential"}}],"responses":{"201":{"description":"Success","schema":{"$ref":"#/definitions/CapturedTicketCredential"}}}}},"/api/credentials/{id}":{"get":{"tags":["CredentialApi"],"operationId":"ApiCredentialsByIdGet","consumes":[],"produces":["text/plain","application/json","text/json"],"parameters":[{"name":"id","in":"path","required":true,"type":"integer","format":"int32"}],"responses":{"200":{"description":"Success","schema":{"$ref":"#/definitions/CapturedCredential"}}}},"delete":{"tags":["CredentialApi"],"operationId":"ApiCredentialsByIdDelete","consumes":[],"produces":[],"parameters":[{"name":"id","in":"path","required":true,"type":"integer","format":"int32"}],"responses":{"204":{"description":"Success"}}}},"/api/credentials/passwords/{id}":{"get":{"tags":["CredentialApi"],"operationId":"ApiCredentialsPasswordsByIdGet","consumes":[],"produces":["text/plain","application/json","text/json"],"parameters":[{"name":"id","in":"path","required":true,"type":"integer","format":"int32"}],"responses":{"200":{"description":"Success","schema":{"$ref":"#/definitions/CapturedPasswordCredential"}}}}},"/api/credentials/hashes/{id}":{"get":{"tags":["CredentialApi"],"operationId":"ApiCredentialsHashesByIdGet","consumes":[],"produces":["text/plain","application/json","text/json"],"parameters":[{"name":"id","in":"path","required":true,"type":"integer","format":"int32"}],"responses":{"200":{"description":"Success","schema":{"$ref":"#/definitions/CapturedHashCredential"}}}}},"/api/credentials/tickets/{id}":{"get":{"tags":["CredentialApi"],"operationId":"ApiCredentialsTicketsByIdGet","consumes":[],"produces":["text/plain","application/json","text/json"],"parameters":[{"name":"id","in":"path","required":true,"type":"integer","format":"int32"}],"responses":{"200":{"description":"Success","schema":{"$ref":"#/definitions/CapturedTicketCredential"}}}}},"/api/embeddedresources":{"get":{"tags":["EmbeddedResourceApi"],"operationId":"ApiEmbeddedresourcesGet","consumes":[],"produces":["text/plain","application/json","text/json"],"responses":{"200":{"description":"Success","schema":{"type":"array","items":{"$ref":"#/definitions/EmbeddedResource"}}}}},"put":{"tags":["EmbeddedResourceApi"],"operationId":"ApiEmbeddedresourcesPut","consumes":["application/json-patch+json","application/json","text/json","application/*+json"],"produces":["text/plain","application/json","text/json"],"parameters":[{"name":"resource","in":"body","required":false,"schema":{"$ref":"#/definitions/EmbeddedResource"}}],"responses":{"200":{"description":"Success","schema":{"$ref":"#/definitions/EmbeddedResource"}}}},"post":{"tags":["EmbeddedResourceApi"],"operationId":"ApiEmbeddedresourcesPost","consumes":["application/json-patch+json","application/json","text/json","application/*+json"],"produces":["text/plain","application/json","text/json"],"parameters":[{"name":"resource","in":"body","required":false,"schema":{"$ref":"#/definitions/EmbeddedResource"}}],"responses":{"200":{"description":"Success","schema":{"$ref":"#/definitions/EmbeddedResource"}}}}},"/api/embeddedresources/{id}":{"get":{"tags":["EmbeddedResourceApi"],"operationId":"ApiEmbeddedresourcesByIdGet","consumes":[],"produces":["text/plain","application/json","text/json"],"parameters":[{"name":"id","in":"path","required":true,"type":"integer","format":"int32"}],"responses":{"200":{"description":"Success","schema":{"$ref":"#/definitions/EmbeddedResource"}}}},"delete":{"tags":["EmbeddedResourceApi"],"operationId":"ApiEmbeddedresourcesByIdDelete","consumes":[],"produces":[],"parameters":[{"name":"id","in":"path","required":true,"type":"integer","format":"int32"}],"responses":{"200":{"description":"Success"}}}},"/api/events":{"get":{"tags":["EventApi"],"operationId":"ApiEventsGet","consumes":[],"produces":["text/plain","application/json","text/json"],"responses":{"200":{"description":"Success","schema":{"type":"array","items":{"$ref":"#/definitions/Event"}}}}},"post":{"tags":["EventApi"],"operationId":"ApiEventsPost","consumes":["application/json-patch+json","application/json","text/json","application/*+json"],"produces":["text/plain","application/json","text/json"],"parameters":[{"name":"anEvent","in":"body","required":false,"schema":{"$ref":"#/definitions/Event"}}],"responses":{"201":{"description":"Success","schema":{"$ref":"#/definitions/Event"}}}}},"/api/events/{id}":{"get":{"tags":["EventApi"],"operationId":"ApiEventsByIdGet","consumes":[],"produces":["text/plain","application/json","text/json"],"parameters":[{"name":"id","in":"path","required":true,"type":"integer","format":"int32"}],"responses":{"200":{"description":"Success","schema":{"$ref":"#/definitions/Event"}}}}},"/api/events/time":{"get":{"tags":["EventApi"],"operationId":"ApiEventsTimeGet","consumes":[],"produces":["text/plain","application/json","text/json"],"responses":{"200":{"description":"Success","schema":{"format":"int64","type":"integer"}}}}},"/api/events/range/{fromdate}":{"get":{"tags":["EventApi"],"operationId":"ApiEventsRangeByFromdateGet","consumes":[],"produces":["text/plain","application/json","text/json"],"parameters":[{"name":"fromdate","in":"path","required":true,"type":"integer","format":"int64"}],"responses":{"200":{"description":"Success","schema":{"type":"array","items":{"$ref":"#/definitions/Event"}}}}}},"/api/events/range/{fromdate}/{todate}":{"get":{"tags":["EventApi"],"operationId":"ApiEventsRangeByFromdateByTodateGet","consumes":[],"produces":["text/plain","application/json","text/json"],"parameters":[{"name":"fromdate","in":"path","required":true,"type":"integer","format":"int64"},{"name":"todate","in":"path","required":true,"type":"integer","format":"int64"}],"responses":{"200":{"description":"Success","schema":{"type":"array","items":{"$ref":"#/definitions/Event"}}}}}},"/api/events/download/{id}":{"get":{"tags":["EventApi"],"operationId":"ApiEventsDownloadByIdGet","consumes":[],"produces":["text/plain","application/json","text/json"],"parameters":[{"name":"id","in":"path","required":true,"type":"integer","format":"int32"}],"responses":{"200":{"description":"Success","schema":{"$ref":"#/definitions/DownloadEvent"}}}}},"/api/events/download/{id}/content":{"get":{"tags":["EventApi"],"operationId":"ApiEventsDownloadByIdContentGet","consumes":[],"produces":["text/plain","application/json","text/json"],"parameters":[{"name":"id","in":"path","required":true,"type":"integer","format":"int32"}],"responses":{"200":{"description":"Success","schema":{"type":"string"}}}}},"/api/events/download":{"post":{"tags":["EventApi"],"operationId":"ApiEventsDownloadPost","consumes":["application/json-patch+json","application/json","text/json","application/*+json"],"produces":["text/plain","application/json","text/json"],"parameters":[{"name":"downloadEvent","in":"body","required":false,"schema":{"$ref":"#/definitions/DownloadEvent"}}],"responses":{"201":{"description":"Success","schema":{"$ref":"#/definitions/Event"}}}}},"/api/grunts":{"get":{"tags":["GruntApi"],"operationId":"ApiGruntsGet","consumes":[],"produces":["text/plain","application/json","text/json"],"responses":{"200":{"description":"Success","schema":{"type":"array","items":{"$ref":"#/definitions/Grunt"}}}}},"put":{"tags":["GruntApi"],"operationId":"ApiGruntsPut","consumes":["application/json-patch+json","application/json","text/json","application/*+json"],"produces":["text/plain","application/json","text/json"],"parameters":[{"name":"grunt","in":"body","required":false,"schema":{"$ref":"#/definitions/Grunt"}}],"responses":{"200":{"description":"Success","schema":{"$ref":"#/definitions/Grunt"}}}},"post":{"tags":["GruntApi"],"operationId":"ApiGruntsPost","consumes":["application/json-patch+json","application/json","text/json","application/*+json"],"produces":["text/plain","application/json","text/json"],"parameters":[{"name":"grunt","in":"body","required":false,"schema":{"$ref":"#/definitions/Grunt"}}],"responses":{"201":{"description":"Success","schema":{"$ref":"#/definitions/Grunt"}}}}},"/api/grunts/{id}":{"get":{"tags":["GruntApi"],"operationId":"ApiGruntsByIdGet","consumes":[],"produces":["text/plain","application/json","text/json"],"parameters":[{"name":"id","in":"path","required":true,"type":"integer","format":"int32"}],"responses":{"200":{"description":"Success","schema":{"$ref":"#/definitions/Grunt"}}}},"delete":{"tags":["GruntApi"],"operationId":"ApiGruntsByIdDelete","consumes":[],"produces":[],"parameters":[{"name":"id","in":"path","required":true,"type":"integer","format":"int32"}],"responses":{"204":{"description":"Success"}}}},"/api/grunts/{name}":{"get":{"tags":["GruntApi"],"operationId":"ApiGruntsByNameGet","consumes":[],"produces":["text/plain","application/json","text/json"],"parameters":[{"name":"name","in":"path","required":true,"type":"string"}],"responses":{"200":{"description":"Success","schema":{"$ref":"#/definitions/Grunt"}}}}},"/api/grunts/guid/{guid}":{"get":{"tags":["GruntApi"],"operationId":"ApiGruntsGuidByGuidGet","consumes":[],"produces":["text/plain","application/json","text/json"],"parameters":[{"name":"guid","in":"path","required":true,"type":"string"}],"responses":{"200":{"description":"Success","schema":{"$ref":"#/definitions/Grunt"}}}}},"/api/grunts/originalguid/{serverguid}":{"get":{"tags":["GruntApi"],"operationId":"ApiGruntsOriginalguidByServerguidGet","consumes":[],"produces":["text/plain","application/json","text/json"],"parameters":[{"name":"serverguid","in":"path","required":true,"type":"string"}],"responses":{"200":{"description":"Success","schema":{"$ref":"#/definitions/Grunt"}}}}},"/api/grunts/{id}/path/{cid}":{"get":{"tags":["GruntApi"],"operationId":"ApiGruntsByIdPathByCidGet","consumes":[],"produces":["text/plain","application/json","text/json"],"parameters":[{"name":"id","in":"path","required":true,"type":"integer","format":"int32"},{"name":"cid","in":"path","required":true,"type":"integer","format":"int32"}],"responses":{"200":{"description":"Success","schema":{"type":"array","items":{"type":"string"}}}}}},"/api/grunts/{id}/compileexecutor":{"get":{"tags":["GruntApi"],"operationId":"ApiGruntsByIdCompileexecutorGet","consumes":[],"produces":["text/plain","application/json","text/json"],"parameters":[{"name":"id","in":"path","required":true,"type":"integer","format":"int32"}],"responses":{"200":{"description":"Success","schema":{"format":"byte","type":"string"}}}}},"/api/commands":{"get":{"tags":["GruntCommandApi"],"operationId":"ApiCommandsGet","consumes":[],"produces":["text/plain","application/json","text/json"],"responses":{"200":{"description":"Success","schema":{"type":"array","items":{"$ref":"#/definitions/GruntCommand"}}}}},"put":{"tags":["GruntCommandApi"],"operationId":"ApiCommandsPut","consumes":["application/json-patch+json","application/json","text/json","application/*+json"],"produces":["text/plain","application/json","text/json"],"parameters":[{"name":"gruntCommand","in":"body","required":false,"schema":{"$ref":"#/definitions/GruntCommand"}}],"responses":{"200":{"description":"Success","schema":{"$ref":"#/definitions/GruntCommand"}}}},"post":{"tags":["GruntCommandApi"],"operationId":"ApiCommandsPost","consumes":["application/json-patch+json","application/json","text/json","application/*+json"],"produces":["text/plain","application/json","text/json"],"parameters":[{"name":"gruntCommand","in":"body","required":false,"schema":{"$ref":"#/definitions/GruntCommand"}}],"responses":{"201":{"description":"Success","schema":{"$ref":"#/definitions/GruntCommand"}}}}},"/api/commands/{id}":{"get":{"tags":["GruntCommandApi"],"operationId":"ApiCommandsByIdGet","consumes":[],"produces":["text/plain","application/json","text/json"],"parameters":[{"name":"id","in":"path","required":true,"type":"integer","format":"int32"}],"responses":{"200":{"description":"Success","schema":{"$ref":"#/definitions/GruntCommand"}}}},"delete":{"tags":["GruntCommandApi"],"operationId":"ApiCommandsByIdDelete","consumes":[],"produces":[],"parameters":[{"name":"id","in":"path","required":true,"type":"integer","format":"int32"}],"responses":{"204":{"description":"Success"}}}},"/api/grunttasks":{"get":{"tags":["GruntTaskApi"],"operationId":"ApiGrunttasksGet","consumes":[],"produces":["text/plain","application/json","text/json"],"responses":{"200":{"description":"Success","schema":{"type":"array","items":{"$ref":"#/definitions/GruntTask"}}}}},"put":{"tags":["GruntTaskApi"],"operationId":"ApiGrunttasksPut","consumes":["application/json-patch+json","application/json","text/json","application/*+json"],"produces":["text/plain","application/json","text/json"],"parameters":[{"name":"task","in":"body","required":false,"schema":{"$ref":"#/definitions/GruntTask"}}],"responses":{"200":{"description":"Success","schema":{"$ref":"#/definitions/GruntTask"}}}},"post":{"tags":["GruntTaskApi"],"operationId":"ApiGrunttasksPost","consumes":["application/json-patch+json","application/json","text/json","application/*+json"],"produces":["text/plain","application/json","text/json"],"parameters":[{"name":"task","in":"body","required":false,"schema":{"$ref":"#/definitions/GruntTask"}}],"responses":{"201":{"description":"Success","schema":{"$ref":"#/definitions/GruntTask"}}}}},"/api/grunttasks/{id}":{"get":{"tags":["GruntTaskApi"],"operationId":"ApiGrunttasksByIdGet","consumes":[],"produces":["text/plain","application/json","text/json"],"parameters":[{"name":"id","in":"path","required":true,"type":"integer","format":"int32"}],"responses":{"200":{"description":"Success","schema":{"$ref":"#/definitions/GruntTask"}}}},"delete":{"tags":["GruntTaskApi"],"operationId":"ApiGrunttasksByIdDelete","consumes":[],"produces":[],"parameters":[{"name":"id","in":"path","required":true,"type":"integer","format":"int32"}],"responses":{"204":{"description":"Success"}}}},"/api/grunttasks/{taskname}":{"get":{"tags":["GruntTaskApi"],"operationId":"ApiGrunttasksByTasknameGet","consumes":[],"produces":["text/plain","application/json","text/json"],"parameters":[{"name":"taskname","in":"path","required":true,"type":"string"}],"responses":{"200":{"description":"Success","schema":{"$ref":"#/definitions/GruntTask"}}}}},"/api/taskings":{"get":{"tags":["GruntTaskingApi"],"operationId":"ApiTaskingsGet","consumes":[],"produces":["text/plain","application/json","text/json"],"responses":{"200":{"description":"Success","schema":{"type":"array","items":{"$ref":"#/definitions/GruntTasking"}}}}},"put":{"tags":["GruntTaskingApi"],"operationId":"ApiTaskingsPut","consumes":["application/json-patch+json","application/json","text/json","application/*+json"],"produces":["text/plain","application/json","text/json"],"parameters":[{"name":"gruntTasking","in":"body","required":false,"schema":{"$ref":"#/definitions/GruntTasking"}}],"responses":{"200":{"description":"Success","schema":{"$ref":"#/definitions/GruntTasking"}}}},"post":{"tags":["GruntTaskingApi"],"operationId":"ApiTaskingsPost","consumes":["application/json-patch+json","application/json","text/json","application/*+json"],"produces":["text/plain","application/json","text/json"],"parameters":[{"name":"gruntTasking","in":"body","required":false,"schema":{"$ref":"#/definitions/GruntTasking"}}],"responses":{"201":{"description":"Success","schema":{"$ref":"#/definitions/GruntTasking"}}}}},"/api/grunts/{id}/taskings":{"get":{"tags":["GruntTaskingApi"],"operationId":"ApiGruntsByIdTaskingsGet","consumes":[],"produces":["text/plain","application/json","text/json"],"parameters":[{"name":"id","in":"path","required":true,"type":"integer","format":"int32"}],"responses":{"200":{"description":"Success","schema":{"type":"array","items":{"$ref":"#/definitions/GruntTasking"}}}}}},"/api/grunts/{id}/taskings/search":{"get":{"tags":["GruntTaskingApi"],"operationId":"ApiGruntsByIdTaskingsSearchGet","consumes":[],"produces":["text/plain","application/json","text/json"],"parameters":[{"name":"id","in":"path","required":true,"type":"integer","format":"int32"}],"responses":{"200":{"description":"Success","schema":{"type":"array","items":{"$ref":"#/definitions/GruntTasking"}}}}}},"/api/grunts/{id}/taskings/uninitialized":{"get":{"tags":["GruntTaskingApi"],"operationId":"ApiGruntsByIdTaskingsUninitializedGet","consumes":[],"produces":["text/plain","application/json","text/json"],"parameters":[{"name":"id","in":"path","required":true,"type":"integer","format":"int32"}],"responses":{"200":{"description":"Success","schema":{"type":"array","items":{"$ref":"#/definitions/GruntTasking"}}}}}},"/api/grunts/{id}/taskings/search/uninitialized":{"get":{"tags":["GruntTaskingApi"],"operationId":"ApiGruntsByIdTaskingsSearchUninitializedGet","consumes":[],"produces":["text/plain","application/json","text/json"],"parameters":[{"name":"id","in":"path","required":true,"type":"integer","format":"int32"}],"responses":{"200":{"description":"Success","schema":{"type":"array","items":{"$ref":"#/definitions/GruntTasking"}}}}}},"/api/taskings/{tid}":{"get":{"tags":["GruntTaskingApi"],"operationId":"ApiTaskingsByTidGet","consumes":[],"produces":["text/plain","application/json","text/json"],"parameters":[{"name":"tid","in":"path","required":true,"type":"integer","format":"int32"}],"responses":{"200":{"description":"Success","schema":{"$ref":"#/definitions/GruntTasking"}}}},"delete":{"tags":["GruntTaskingApi"],"operationId":"ApiTaskingsByTidDelete","consumes":[],"produces":[],"parameters":[{"name":"tid","in":"path","required":true,"type":"integer","format":"int32"}],"responses":{"204":{"description":"Success"}}}},"/api/grunts/taskings/{taskingname}":{"get":{"tags":["GruntTaskingApi"],"operationId":"ApiGruntsTaskingsByTaskingnameGet","consumes":[],"produces":["text/plain","application/json","text/json"],"parameters":[{"name":"taskingname","in":"path","required":true,"type":"string"}],"responses":{"200":{"description":"Success","schema":{"$ref":"#/definitions/GruntTasking"}}}}},"/api/implanttemplates":{"get":{"tags":["ImplantTemplateApi"],"operationId":"ApiImplanttemplatesGet","consumes":[],"produces":["text/plain","application/json","text/json"],"responses":{"200":{"description":"Success","schema":{"type":"array","items":{"$ref":"#/definitions/ImplantTemplate"}}}}},"put":{"tags":["ImplantTemplateApi"],"operationId":"ApiImplanttemplatesPut","consumes":["application/json-patch+json","application/json","text/json","application/*+json"],"produces":["text/plain","application/json","text/json"],"parameters":[{"name":"template","in":"body","required":false,"schema":{"$ref":"#/definitions/ImplantTemplate"}}],"responses":{"200":{"description":"Success","schema":{"$ref":"#/definitions/ImplantTemplate"}}}},"post":{"tags":["ImplantTemplateApi"],"operationId":"ApiImplanttemplatesPost","consumes":["application/json-patch+json","application/json","text/json","application/*+json"],"produces":["text/plain","application/json","text/json"],"parameters":[{"name":"template","in":"body","required":false,"schema":{"$ref":"#/definitions/ImplantTemplate"}}],"responses":{"201":{"description":"Success","schema":{"$ref":"#/definitions/ImplantTemplate"}}}}},"/api/implanttemplates/{id}":{"get":{"tags":["ImplantTemplateApi"],"operationId":"ApiImplanttemplatesByIdGet","consumes":[],"produces":["text/plain","application/json","text/json"],"parameters":[{"name":"id","in":"path","required":true,"type":"integer","format":"int32"}],"responses":{"200":{"description":"Success","schema":{"$ref":"#/definitions/ImplantTemplate"}}}},"delete":{"tags":["ImplantTemplateApi"],"operationId":"ApiImplanttemplatesByIdDelete","consumes":[],"produces":[],"parameters":[{"name":"id","in":"path","required":true,"type":"integer","format":"int32"}],"responses":{"204":{"description":"Success"}}}},"/api/implanttemplates/{name}":{"get":{"tags":["ImplantTemplateApi"],"operationId":"ApiImplanttemplatesByNameGet","consumes":[],"produces":["text/plain","application/json","text/json"],"parameters":[{"name":"name","in":"path","required":true,"type":"string"}],"responses":{"200":{"description":"Success","schema":{"$ref":"#/definitions/ImplantTemplate"}}}}},"/api/indicators/results":{"get":{"tags":["IndicatorApi"],"operationId":"ApiIndicatorsResultsGet","consumes":[],"produces":["text/plain","application/json","text/json"],"responses":{"200":{"description":"Success","schema":{"type":"string"}}}}},"/api/indicators":{"get":{"tags":["IndicatorApi"],"operationId":"ApiIndicatorsGet","consumes":[],"produces":["text/plain","application/json","text/json"],"responses":{"200":{"description":"Success","schema":{"type":"array","items":{"$ref":"#/definitions/Indicator"}}}}},"put":{"tags":["IndicatorApi"],"operationId":"ApiIndicatorsPut","consumes":["application/json-patch+json","application/json","text/json","application/*+json"],"produces":["text/plain","application/json","text/json"],"parameters":[{"name":"indicator","in":"body","required":false,"schema":{"$ref":"#/definitions/Indicator"}}],"responses":{"200":{"description":"Success","schema":{"$ref":"#/definitions/Indicator"}}}},"post":{"tags":["IndicatorApi"],"operationId":"ApiIndicatorsPost","consumes":["application/json-patch+json","application/json","text/json","application/*+json"],"produces":["text/plain","application/json","text/json"],"parameters":[{"name":"indicator","in":"body","required":false,"schema":{"$ref":"#/definitions/Indicator"}}],"responses":{"201":{"description":"Success","schema":{"$ref":"#/definitions/Indicator"}}}}},"/api/indicators/files":{"get":{"tags":["IndicatorApi"],"operationId":"ApiIndicatorsFilesGet","consumes":[],"produces":["text/plain","application/json","text/json"],"responses":{"200":{"description":"Success","schema":{"type":"array","items":{"$ref":"#/definitions/FileIndicator"}}}}}},"/api/indicators/networks":{"get":{"tags":["IndicatorApi"],"operationId":"ApiIndicatorsNetworksGet","consumes":[],"produces":["text/plain","application/json","text/json"],"responses":{"200":{"description":"Success","schema":{"type":"array","items":{"$ref":"#/definitions/NetworkIndicator"}}}}}},"/api/indicators/targets":{"get":{"tags":["IndicatorApi"],"operationId":"ApiIndicatorsTargetsGet","consumes":[],"produces":["text/plain","application/json","text/json"],"responses":{"200":{"description":"Success","schema":{"type":"array","items":{"$ref":"#/definitions/TargetIndicator"}}}}}},"/api/indicators/{id}":{"get":{"tags":["IndicatorApi"],"operationId":"ApiIndicatorsByIdGet","consumes":[],"produces":["text/plain","application/json","text/json"],"parameters":[{"name":"id","in":"path","required":true,"type":"integer","format":"int32"}],"responses":{"200":{"description":"Success","schema":{"$ref":"#/definitions/Indicator"}}}},"delete":{"tags":["IndicatorApi"],"operationId":"ApiIndicatorsByIdDelete","consumes":[],"produces":[],"parameters":[{"name":"id","in":"path","required":true,"type":"integer","format":"int32"}],"responses":{"204":{"description":"Success"}}}},"/api/indicators/files/{id}":{"get":{"tags":["IndicatorApi"],"operationId":"ApiIndicatorsFilesByIdGet","consumes":[],"produces":["text/plain","application/json","text/json"],"parameters":[{"name":"id","in":"path","required":true,"type":"integer","format":"int32"}],"responses":{"200":{"description":"Success","schema":{"$ref":"#/definitions/FileIndicator"}}}}},"/api/indicators/networks/{id}":{"get":{"tags":["IndicatorApi"],"operationId":"ApiIndicatorsNetworksByIdGet","consumes":[],"produces":["text/plain","application/json","text/json"],"parameters":[{"name":"id","in":"path","required":true,"type":"integer","format":"int32"}],"responses":{"200":{"description":"Success","schema":{"$ref":"#/definitions/NetworkIndicator"}}}}},"/api/indicators/targets/{id}":{"get":{"tags":["IndicatorApi"],"operationId":"ApiIndicatorsTargetsByIdGet","consumes":[],"produces":["text/plain","application/json","text/json"],"parameters":[{"name":"id","in":"path","required":true,"type":"integer","format":"int32"}],"responses":{"200":{"description":"Success","schema":{"$ref":"#/definitions/TargetIndicator"}}}}},"/api/launchers":{"get":{"tags":["LauncherApi"],"operationId":"ApiLaunchersGet","consumes":[],"produces":["text/plain","application/json","text/json"],"responses":{"200":{"description":"Success","schema":{"type":"array","items":{"$ref":"#/definitions/Launcher"}}}}}},"/api/launchers/binary":{"get":{"tags":["LauncherApi"],"operationId":"ApiLaunchersBinaryGet","consumes":[],"produces":["text/plain","application/json","text/json"],"responses":{"200":{"description":"Success","schema":{"$ref":"#/definitions/BinaryLauncher"}}}},"put":{"tags":["LauncherApi"],"operationId":"ApiLaunchersBinaryPut","consumes":["application/json-patch+json","application/json","text/json","application/*+json"],"produces":["text/plain","application/json","text/json"],"parameters":[{"name":"launcher","in":"body","required":false,"schema":{"$ref":"#/definitions/BinaryLauncher"}}],"responses":{"200":{"description":"Success","schema":{"$ref":"#/definitions/BinaryLauncher"}}}},"post":{"tags":["LauncherApi"],"operationId":"ApiLaunchersBinaryPost","consumes":[],"produces":["text/plain","application/json","text/json"],"responses":{"200":{"description":"Success","schema":{"$ref":"#/definitions/BinaryLauncher"}}}}},"/api/launchers/binary/hosted":{"post":{"tags":["LauncherApi"],"operationId":"ApiLaunchersBinaryHostedPost","consumes":["application/json-patch+json","application/json","text/json","application/*+json"],"produces":["text/plain","application/json","text/json"],"parameters":[{"name":"file","in":"body","required":false,"schema":{"$ref":"#/definitions/HostedFile"}}],"responses":{"200":{"description":"Success","schema":{"$ref":"#/definitions/BinaryLauncher"}}}}},"/api/launchers/powershell":{"get":{"tags":["LauncherApi"],"operationId":"ApiLaunchersPowershellGet","consumes":[],"produces":["text/plain","application/json","text/json"],"responses":{"200":{"description":"Success","schema":{"$ref":"#/definitions/PowerShellLauncher"}}}},"put":{"tags":["LauncherApi"],"operationId":"ApiLaunchersPowershellPut","consumes":["application/json-patch+json","application/json","text/json","application/*+json"],"produces":["text/plain","application/json","text/json"],"parameters":[{"name":"launcher","in":"body","required":false,"schema":{"$ref":"#/definitions/PowerShellLauncher"}}],"responses":{"200":{"description":"Success","schema":{"$ref":"#/definitions/PowerShellLauncher"}}}},"post":{"tags":["LauncherApi"],"operationId":"ApiLaunchersPowershellPost","consumes":[],"produces":["text/plain","application/json","text/json"],"responses":{"200":{"description":"Success","schema":{"$ref":"#/definitions/PowerShellLauncher"}}}}},"/api/launchers/powershell/hosted":{"post":{"tags":["LauncherApi"],"operationId":"ApiLaunchersPowershellHostedPost","consumes":["application/json-patch+json","application/json","text/json","application/*+json"],"produces":["text/plain","application/json","text/json"],"parameters":[{"name":"file","in":"body","required":false,"schema":{"$ref":"#/definitions/HostedFile"}}],"responses":{"200":{"description":"Success","schema":{"$ref":"#/definitions/PowerShellLauncher"}}}}},"/api/launchers/msbuild":{"get":{"tags":["LauncherApi"],"operationId":"ApiLaunchersMsbuildGet","consumes":[],"produces":["text/plain","application/json","text/json"],"responses":{"200":{"description":"Success","schema":{"$ref":"#/definitions/MSBuildLauncher"}}}},"put":{"tags":["LauncherApi"],"operationId":"ApiLaunchersMsbuildPut","consumes":["application/json-patch+json","application/json","text/json","application/*+json"],"produces":["text/plain","application/json","text/json"],"parameters":[{"name":"launcher","in":"body","required":false,"schema":{"$ref":"#/definitions/MSBuildLauncher"}}],"responses":{"200":{"description":"Success","schema":{"$ref":"#/definitions/MSBuildLauncher"}}}},"post":{"tags":["LauncherApi"],"operationId":"ApiLaunchersMsbuildPost","consumes":[],"produces":["text/plain","application/json","text/json"],"responses":{"200":{"description":"Success","schema":{"$ref":"#/definitions/MSBuildLauncher"}}}}},"/api/launchers/msbuild/hosted":{"post":{"tags":["LauncherApi"],"operationId":"ApiLaunchersMsbuildHostedPost","consumes":["application/json-patch+json","application/json","text/json","application/*+json"],"produces":["text/plain","application/json","text/json"],"parameters":[{"name":"file","in":"body","required":false,"schema":{"$ref":"#/definitions/HostedFile"}}],"responses":{"200":{"description":"Success","schema":{"$ref":"#/definitions/MSBuildLauncher"}}}}},"/api/launchers/installutil":{"get":{"tags":["LauncherApi"],"operationId":"ApiLaunchersInstallutilGet","consumes":[],"produces":["text/plain","application/json","text/json"],"responses":{"200":{"description":"Success","schema":{"$ref":"#/definitions/InstallUtilLauncher"}}}},"put":{"tags":["LauncherApi"],"operationId":"ApiLaunchersInstallutilPut","consumes":["application/json-patch+json","application/json","text/json","application/*+json"],"produces":["text/plain","application/json","text/json"],"parameters":[{"name":"launcher","in":"body","required":false,"schema":{"$ref":"#/definitions/InstallUtilLauncher"}}],"responses":{"200":{"description":"Success","schema":{"$ref":"#/definitions/InstallUtilLauncher"}}}},"post":{"tags":["LauncherApi"],"operationId":"ApiLaunchersInstallutilPost","consumes":[],"produces":["text/plain","application/json","text/json"],"responses":{"200":{"description":"Success","schema":{"$ref":"#/definitions/InstallUtilLauncher"}}}}},"/api/launchers/installutil/hosted":{"post":{"tags":["LauncherApi"],"operationId":"ApiLaunchersInstallutilHostedPost","consumes":["application/json-patch+json","application/json","text/json","application/*+json"],"produces":["text/plain","application/json","text/json"],"parameters":[{"name":"file","in":"body","required":false,"schema":{"$ref":"#/definitions/HostedFile"}}],"responses":{"200":{"description":"Success","schema":{"$ref":"#/definitions/InstallUtilLauncher"}}}}},"/api/launchers/wmic":{"get":{"tags":["LauncherApi"],"operationId":"ApiLaunchersWmicGet","consumes":[],"produces":["text/plain","application/json","text/json"],"responses":{"200":{"description":"Success","schema":{"$ref":"#/definitions/WmicLauncher"}}}},"put":{"tags":["LauncherApi"],"operationId":"ApiLaunchersWmicPut","consumes":["application/json-patch+json","application/json","text/json","application/*+json"],"produces":["text/plain","application/json","text/json"],"parameters":[{"name":"launcher","in":"body","required":false,"schema":{"$ref":"#/definitions/WmicLauncher"}}],"responses":{"200":{"description":"Success","schema":{"$ref":"#/definitions/WmicLauncher"}}}},"post":{"tags":["LauncherApi"],"operationId":"ApiLaunchersWmicPost","consumes":[],"produces":["text/plain","application/json","text/json"],"responses":{"200":{"description":"Success","schema":{"$ref":"#/definitions/WmicLauncher"}}}}},"/api/launchers/wmic/hosted":{"post":{"tags":["LauncherApi"],"operationId":"ApiLaunchersWmicHostedPost","consumes":["application/json-patch+json","application/json","text/json","application/*+json"],"produces":["text/plain","application/json","text/json"],"parameters":[{"name":"file","in":"body","required":false,"schema":{"$ref":"#/definitions/HostedFile"}}],"responses":{"200":{"description":"Success","schema":{"$ref":"#/definitions/WmicLauncher"}}}}},"/api/launchers/regsvr32":{"get":{"tags":["LauncherApi"],"operationId":"ApiLaunchersRegsvr32Get","consumes":[],"produces":["text/plain","application/json","text/json"],"responses":{"200":{"description":"Success","schema":{"$ref":"#/definitions/Regsvr32Launcher"}}}},"put":{"tags":["LauncherApi"],"operationId":"ApiLaunchersRegsvr32Put","consumes":["application/json-patch+json","application/json","text/json","application/*+json"],"produces":["text/plain","application/json","text/json"],"parameters":[{"name":"launcher","in":"body","required":false,"schema":{"$ref":"#/definitions/Regsvr32Launcher"}}],"responses":{"200":{"description":"Success","schema":{"$ref":"#/definitions/Regsvr32Launcher"}}}},"post":{"tags":["LauncherApi"],"operationId":"ApiLaunchersRegsvr32Post","consumes":[],"produces":["text/plain","application/json","text/json"],"responses":{"200":{"description":"Success","schema":{"$ref":"#/definitions/Regsvr32Launcher"}}}}},"/api/launchers/regsvr32/hosted":{"post":{"tags":["LauncherApi"],"operationId":"ApiLaunchersRegsvr32HostedPost","consumes":["application/json-patch+json","application/json","text/json","application/*+json"],"produces":["text/plain","application/json","text/json"],"parameters":[{"name":"file","in":"body","required":false,"schema":{"$ref":"#/definitions/HostedFile"}}],"responses":{"200":{"description":"Success","schema":{"$ref":"#/definitions/Regsvr32Launcher"}}}}},"/api/launchers/mshta":{"get":{"tags":["LauncherApi"],"operationId":"ApiLaunchersMshtaGet","consumes":[],"produces":["text/plain","application/json","text/json"],"responses":{"200":{"description":"Success","schema":{"$ref":"#/definitions/MshtaLauncher"}}}},"put":{"tags":["LauncherApi"],"operationId":"ApiLaunchersMshtaPut","consumes":["application/json-patch+json","application/json","text/json","application/*+json"],"produces":["text/plain","application/json","text/json"],"parameters":[{"name":"launcher","in":"body","required":false,"schema":{"$ref":"#/definitions/MshtaLauncher"}}],"responses":{"200":{"description":"Success","schema":{"$ref":"#/definitions/MshtaLauncher"}}}},"post":{"tags":["LauncherApi"],"operationId":"ApiLaunchersMshtaPost","consumes":[],"produces":["text/plain","application/json","text/json"],"responses":{"200":{"description":"Success","schema":{"$ref":"#/definitions/MshtaLauncher"}}}}},"/api/launchers/mshta/hosted":{"post":{"tags":["LauncherApi"],"operationId":"ApiLaunchersMshtaHostedPost","consumes":["application/json-patch+json","application/json","text/json","application/*+json"],"produces":["text/plain","application/json","text/json"],"parameters":[{"name":"file","in":"body","required":false,"schema":{"$ref":"#/definitions/HostedFile"}}],"responses":{"200":{"description":"Success","schema":{"$ref":"#/definitions/MshtaLauncher"}}}}},"/api/launchers/cscript":{"get":{"tags":["LauncherApi"],"operationId":"ApiLaunchersCscriptGet","consumes":[],"produces":["text/plain","application/json","text/json"],"responses":{"200":{"description":"Success","schema":{"$ref":"#/definitions/CscriptLauncher"}}}},"put":{"tags":["LauncherApi"],"operationId":"ApiLaunchersCscriptPut","consumes":["application/json-patch+json","application/json","text/json","application/*+json"],"produces":["text/plain","application/json","text/json"],"parameters":[{"name":"launcher","in":"body","required":false,"schema":{"$ref":"#/definitions/CscriptLauncher"}}],"responses":{"200":{"description":"Success","schema":{"$ref":"#/definitions/CscriptLauncher"}}}},"post":{"tags":["LauncherApi"],"operationId":"ApiLaunchersCscriptPost","consumes":[],"produces":["text/plain","application/json","text/json"],"responses":{"200":{"description":"Success","schema":{"$ref":"#/definitions/CscriptLauncher"}}}}},"/api/launchers/cscript/hosted":{"post":{"tags":["LauncherApi"],"operationId":"ApiLaunchersCscriptHostedPost","consumes":["application/json-patch+json","application/json","text/json","application/*+json"],"produces":["text/plain","application/json","text/json"],"parameters":[{"name":"file","in":"body","required":false,"schema":{"$ref":"#/definitions/HostedFile"}}],"responses":{"200":{"description":"Success","schema":{"$ref":"#/definitions/CscriptLauncher"}}}}},"/api/launchers/wscript":{"get":{"tags":["LauncherApi"],"operationId":"ApiLaunchersWscriptGet","consumes":[],"produces":["text/plain","application/json","text/json"],"responses":{"200":{"description":"Success","schema":{"$ref":"#/definitions/WscriptLauncher"}}}},"put":{"tags":["LauncherApi"],"operationId":"ApiLaunchersWscriptPut","consumes":["application/json-patch+json","application/json","text/json","application/*+json"],"produces":["text/plain","application/json","text/json"],"parameters":[{"name":"launcher","in":"body","required":false,"schema":{"$ref":"#/definitions/WscriptLauncher"}}],"responses":{"200":{"description":"Success","schema":{"$ref":"#/definitions/WscriptLauncher"}}}},"post":{"tags":["LauncherApi"],"operationId":"ApiLaunchersWscriptPost","consumes":[],"produces":["text/plain","application/json","text/json"],"responses":{"200":{"description":"Success","schema":{"$ref":"#/definitions/WscriptLauncher"}}}}},"/api/launchers/wscript/hosted":{"post":{"tags":["LauncherApi"],"operationId":"ApiLaunchersWscriptHostedPost","consumes":["application/json-patch+json","application/json","text/json","application/*+json"],"produces":["text/plain","application/json","text/json"],"parameters":[{"name":"file","in":"body","required":false,"schema":{"$ref":"#/definitions/HostedFile"}}],"responses":{"200":{"description":"Success","schema":{"$ref":"#/definitions/WscriptLauncher"}}}}},"/api/listeners/types":{"get":{"tags":["ListenerApi"],"operationId":"ApiListenersTypesGet","consumes":[],"produces":["text/plain","application/json","text/json"],"responses":{"200":{"description":"Success","schema":{"type":"array","items":{"$ref":"#/definitions/ListenerType"}}}}}},"/api/listeners/types/{id}":{"get":{"tags":["ListenerApi"],"operationId":"ApiListenersTypesByIdGet","consumes":[],"produces":["text/plain","application/json","text/json"],"parameters":[{"name":"id","in":"path","required":true,"type":"integer","format":"int32"}],"responses":{"200":{"description":"Success","schema":{"$ref":"#/definitions/ListenerType"}}}}},"/api/listeners":{"get":{"tags":["ListenerApi"],"operationId":"ApiListenersGet","consumes":[],"produces":["text/plain","application/json","text/json"],"responses":{"200":{"description":"Success","schema":{"type":"array","items":{"$ref":"#/definitions/Listener"}}}}},"put":{"tags":["ListenerApi"],"operationId":"ApiListenersPut","consumes":["application/json-patch+json","application/json","text/json","application/*+json"],"produces":["text/plain","application/json","text/json"],"parameters":[{"name":"listener","in":"body","required":false,"schema":{"$ref":"#/definitions/Listener"}}],"responses":{"200":{"description":"Success","schema":{"$ref":"#/definitions/Listener"}}}}},"/api/listeners/{id}":{"get":{"tags":["ListenerApi"],"operationId":"ApiListenersByIdGet","consumes":[],"produces":["text/plain","application/json","text/json"],"parameters":[{"name":"id","in":"path","required":true,"type":"integer","format":"int32"}],"responses":{"200":{"description":"Success","schema":{"$ref":"#/definitions/Listener"}}}},"delete":{"tags":["ListenerApi"],"operationId":"ApiListenersByIdDelete","consumes":[],"produces":[],"parameters":[{"name":"id","in":"path","required":true,"type":"integer","format":"int32"}],"responses":{"200":{"description":"Success"}}}},"/api/listeners/http/{id}":{"get":{"tags":["ListenerApi"],"operationId":"ApiListenersHttpByIdGet","consumes":[],"produces":["text/plain","application/json","text/json"],"parameters":[{"name":"id","in":"path","required":true,"type":"integer","format":"int32"}],"responses":{"200":{"description":"Success","schema":{"$ref":"#/definitions/HttpListener"}}}}},"/api/listeners/http":{"put":{"tags":["ListenerApi"],"operationId":"ApiListenersHttpPut","consumes":["application/json-patch+json","application/json","text/json","application/*+json"],"produces":["text/plain","application/json","text/json"],"parameters":[{"name":"listener","in":"body","required":false,"schema":{"$ref":"#/definitions/HttpListener"}}],"responses":{"200":{"description":"Success","schema":{"$ref":"#/definitions/HttpListener"}}}},"post":{"tags":["ListenerApi"],"operationId":"ApiListenersHttpPost","consumes":["application/json-patch+json","application/json","text/json","application/*+json"],"produces":["text/plain","application/json","text/json"],"parameters":[{"name":"listener","in":"body","required":false,"schema":{"$ref":"#/definitions/HttpListener"}}],"responses":{"200":{"description":"Success","schema":{"$ref":"#/definitions/HttpListener"}}}}},"/api/listeners/{id}/hostedfiles":{"get":{"tags":["ListenerApi"],"operationId":"ApiListenersByIdHostedfilesGet","consumes":[],"produces":["text/plain","application/json","text/json"],"parameters":[{"name":"id","in":"path","required":true,"type":"integer","format":"int32"}],"responses":{"200":{"description":"Success","schema":{"type":"array","items":{"$ref":"#/definitions/HostedFile"}}}}},"put":{"tags":["ListenerApi"],"operationId":"ApiListenersByIdHostedfilesPut","consumes":["application/json-patch+json","application/json","text/json","application/*+json"],"produces":["text/plain","application/json","text/json"],"parameters":[{"name":"id","in":"path","required":true,"type":"integer","format":"int32"},{"name":"file","in":"body","required":false,"schema":{"$ref":"#/definitions/HostedFile"}}],"responses":{"200":{"description":"Success","schema":{"$ref":"#/definitions/HostedFile"}}}},"post":{"tags":["ListenerApi"],"operationId":"ApiListenersByIdHostedfilesPost","consumes":["application/json-patch+json","application/json","text/json","application/*+json"],"produces":["text/plain","application/json","text/json"],"parameters":[{"name":"id","in":"path","required":true,"type":"integer","format":"int32"},{"name":"file","in":"body","required":false,"schema":{"$ref":"#/definitions/HostedFile"}}],"responses":{"201":{"description":"Success","schema":{"$ref":"#/definitions/HostedFile"}}}}},"/api/listeners/{id}/hostedfiles/{hfid}":{"get":{"tags":["ListenerApi"],"operationId":"ApiListenersByIdHostedfilesByHfidGet","consumes":[],"produces":["text/plain","application/json","text/json"],"parameters":[{"name":"id","in":"path","required":true,"type":"integer","format":"int32"},{"name":"hfid","in":"path","required":true,"type":"integer","format":"int32"}],"responses":{"200":{"description":"Success","schema":{"$ref":"#/definitions/HostedFile"}}}},"delete":{"tags":["ListenerApi"],"operationId":"ApiListenersByIdHostedfilesByHfidDelete","consumes":[],"produces":[],"parameters":[{"name":"id","in":"path","required":true,"type":"integer","format":"int32"},{"name":"hfid","in":"path","required":true,"type":"integer","format":"int32"}],"responses":{"204":{"description":"Success"}}}},"/api/profiles":{"get":{"tags":["ProfileApi"],"operationId":"ApiProfilesGet","consumes":[],"produces":["text/plain","application/json","text/json"],"responses":{"200":{"description":"Success","schema":{"type":"array","items":{"$ref":"#/definitions/Profile"}}}}},"put":{"tags":["ProfileApi"],"operationId":"ApiProfilesPut","consumes":["application/json-patch+json","application/json","text/json","application/*+json"],"produces":["text/plain","application/json","text/json"],"parameters":[{"name":"profile","in":"body","required":false,"schema":{"$ref":"#/definitions/Profile"}}],"responses":{"200":{"description":"Success","schema":{"$ref":"#/definitions/Profile"}}}},"post":{"tags":["ProfileApi"],"operationId":"ApiProfilesPost","consumes":["application/json-patch+json","application/json","text/json","application/*+json"],"produces":["text/plain","application/json","text/json"],"parameters":[{"name":"profile","in":"body","required":false,"schema":{"$ref":"#/definitions/Profile"}}],"responses":{"201":{"description":"Success","schema":{"$ref":"#/definitions/Profile"}}}}},"/api/profiles/{id}":{"get":{"tags":["ProfileApi"],"operationId":"ApiProfilesByIdGet","consumes":[],"produces":["text/plain","application/json","text/json"],"parameters":[{"name":"id","in":"path","required":true,"type":"integer","format":"int32"}],"responses":{"200":{"description":"Success","schema":{"$ref":"#/definitions/Profile"}}}},"delete":{"tags":["ProfileApi"],"operationId":"ApiProfilesByIdDelete","consumes":[],"produces":[],"parameters":[{"name":"id","in":"path","required":true,"type":"integer","format":"int32"}],"responses":{"204":{"description":"Success"}}}},"/api/profiles/http":{"get":{"tags":["ProfileApi"],"operationId":"ApiProfilesHttpGet","consumes":[],"produces":["text/plain","application/json","text/json"],"responses":{"200":{"description":"Success","schema":{"type":"array","items":{"$ref":"#/definitions/HttpProfile"}}}}},"put":{"tags":["ProfileApi"],"operationId":"ApiProfilesHttpPut","consumes":["application/json-patch+json","application/json","text/json","application/*+json"],"produces":["text/plain","application/json","text/json"],"parameters":[{"name":"profile","in":"body","required":false,"schema":{"$ref":"#/definitions/HttpProfile"}}],"responses":{"200":{"description":"Success","schema":{"$ref":"#/definitions/Profile"}}}},"post":{"tags":["ProfileApi"],"operationId":"ApiProfilesHttpPost","consumes":["application/json-patch+json","application/json","text/json","application/*+json"],"produces":["text/plain","application/json","text/json"],"parameters":[{"name":"profile","in":"body","required":false,"schema":{"$ref":"#/definitions/HttpProfile"}}],"responses":{"201":{"description":"Success","schema":{"$ref":"#/definitions/HttpProfile"}}}}},"/api/profiles/http/{id}":{"get":{"tags":["ProfileApi"],"operationId":"ApiProfilesHttpByIdGet","consumes":[],"produces":["text/plain","application/json","text/json"],"parameters":[{"name":"id","in":"path","required":true,"type":"integer","format":"int32"}],"responses":{"200":{"description":"Success","schema":{"$ref":"#/definitions/HttpProfile"}}}},"delete":{"tags":["ProfileApi"],"operationId":"ApiProfilesHttpByIdDelete","consumes":[],"produces":[],"parameters":[{"name":"id","in":"path","required":true,"type":"integer","format":"int32"}],"responses":{"204":{"description":"Success"}}}},"/api/referenceassemblies":{"get":{"tags":["ReferenceAssemblyApi"],"operationId":"ApiReferenceassembliesGet","consumes":[],"produces":["text/plain","application/json","text/json"],"responses":{"200":{"description":"Success","schema":{"type":"array","items":{"$ref":"#/definitions/ReferenceAssembly"}}}}},"put":{"tags":["ReferenceAssemblyApi"],"operationId":"ApiReferenceassembliesPut","consumes":["application/json-patch+json","application/json","text/json","application/*+json"],"produces":["text/plain","application/json","text/json"],"parameters":[{"name":"assembly","in":"body","required":false,"schema":{"$ref":"#/definitions/ReferenceAssembly"}}],"responses":{"200":{"description":"Success","schema":{"$ref":"#/definitions/ReferenceAssembly"}}}},"post":{"tags":["ReferenceAssemblyApi"],"operationId":"ApiReferenceassembliesPost","consumes":["application/json-patch+json","application/json","text/json","application/*+json"],"produces":["text/plain","application/json","text/json"],"parameters":[{"name":"assembly","in":"body","required":false,"schema":{"$ref":"#/definitions/ReferenceAssembly"}}],"responses":{"200":{"description":"Success","schema":{"$ref":"#/definitions/ReferenceAssembly"}}}}},"/api/referenceassemblies/{id}":{"get":{"tags":["ReferenceAssemblyApi"],"operationId":"ApiReferenceassembliesByIdGet","consumes":[],"produces":["text/plain","application/json","text/json"],"parameters":[{"name":"id","in":"path","required":true,"type":"integer","format":"int32"}],"responses":{"200":{"description":"Success","schema":{"$ref":"#/definitions/ReferenceAssembly"}}}},"delete":{"tags":["ReferenceAssemblyApi"],"operationId":"ApiReferenceassembliesByIdDelete","consumes":[],"produces":[],"parameters":[{"name":"id","in":"path","required":true,"type":"integer","format":"int32"}],"responses":{"200":{"description":"Success"}}}},"/api/referencesourcelibraries":{"get":{"tags":["ReferenceSourceLibraryApi"],"operationId":"ApiReferencesourcelibrariesGet","consumes":[],"produces":["text/plain","application/json","text/json"],"responses":{"200":{"description":"Success","schema":{"type":"array","items":{"$ref":"#/definitions/ReferenceSourceLibrary"}}}}},"put":{"tags":["ReferenceSourceLibraryApi"],"operationId":"ApiReferencesourcelibrariesPut","consumes":["application/json-patch+json","application/json","text/json","application/*+json"],"produces":["text/plain","application/json","text/json"],"parameters":[{"name":"library","in":"body","required":false,"schema":{"$ref":"#/definitions/ReferenceSourceLibrary"}}],"responses":{"200":{"description":"Success","schema":{"$ref":"#/definitions/ReferenceSourceLibrary"}}}},"post":{"tags":["ReferenceSourceLibraryApi"],"operationId":"ApiReferencesourcelibrariesPost","consumes":["application/json-patch+json","application/json","text/json","application/*+json"],"produces":["text/plain","application/json","text/json"],"parameters":[{"name":"library","in":"body","required":false,"schema":{"$ref":"#/definitions/ReferenceSourceLibrary"}}],"responses":{"200":{"description":"Success","schema":{"$ref":"#/definitions/ReferenceSourceLibrary"}}}}},"/api/referencesourcelibraries/{id}":{"get":{"tags":["ReferenceSourceLibraryApi"],"operationId":"ApiReferencesourcelibrariesByIdGet","consumes":[],"produces":["text/plain","application/json","text/json"],"parameters":[{"name":"id","in":"path","required":true,"type":"integer","format":"int32"}],"responses":{"200":{"description":"Success","schema":{"$ref":"#/definitions/ReferenceSourceLibrary"}}}},"delete":{"tags":["ReferenceSourceLibraryApi"],"operationId":"ApiReferencesourcelibrariesByIdDelete","consumes":[],"produces":[],"parameters":[{"name":"id","in":"path","required":true,"type":"integer","format":"int32"}],"responses":{"200":{"description":"Success"}}}}},"definitions":{"CovenantUser":{"type":"object","properties":{"id":{"type":"string"},"userName":{"type":"string"},"normalizedUserName":{"type":"string"},"email":{"type":"string"},"normalizedEmail":{"type":"string"},"emailConfirmed":{"type":"boolean"},"passwordHash":{"type":"string"},"securityStamp":{"type":"string"},"concurrencyStamp":{"type":"string"},"phoneNumber":{"type":"string"},"phoneNumberConfirmed":{"type":"boolean"},"twoFactorEnabled":{"type":"boolean"},"lockoutEnd":{"format":"date-time","type":"string"},"lockoutEnabled":{"type":"boolean"},"accessFailedCount":{"format":"int32","type":"integer"}}},"CovenantUserLogin":{"required":["userName","password"],"type":"object","properties":{"id":{"type":"string"},"userName":{"type":"string"},"password":{"type":"string"}}},"CovenantUserLoginResult":{"type":"object","properties":{"success":{"type":"boolean"},"covenantToken":{"type":"string"}}},"IdentityUserRole[String]":{"type":"object","properties":{"userId":{"type":"string"},"roleId":{"type":"string"}}},"IdentityRole":{"type":"object","properties":{"id":{"type":"string"},"name":{"type":"string"},"normalizedName":{"type":"string"},"concurrencyStamp":{"type":"string"}}},"CapturedCredential":{"type":"object","properties":{"id":{"format":"int32","type":"integer"},"type":{"$ref":"#/definitions/CredentialType"},"domain":{"type":"string"},"username":{"type":"string"}}},"CredentialType":{"enum":["Password","Hash","Ticket"],"type":"string","x-ms-enum":{"name":"CredentialType","modelAsString":false}},"CapturedPasswordCredential":{"type":"object","properties":{"password":{"type":"string"},"id":{"format":"int32","type":"integer"},"type":{"$ref":"#/definitions/CredentialType"},"domain":{"type":"string"},"username":{"type":"string"}}},"CapturedHashCredential":{"type":"object","properties":{"hashCredentialType":{"$ref":"#/definitions/HashType"},"hash":{"type":"string"},"id":{"format":"int32","type":"integer"},"type":{"$ref":"#/definitions/CredentialType"},"domain":{"type":"string"},"username":{"type":"string"}}},"HashType":{"enum":["NTLM","LM","SHA1"],"type":"string","x-ms-enum":{"name":"HashType","modelAsString":false}},"CapturedTicketCredential":{"type":"object","properties":{"ticketCredentialType":{"$ref":"#/definitions/TicketType"},"serviceName":{"type":"string"},"ticket":{"type":"string"},"id":{"format":"int32","type":"integer"},"type":{"$ref":"#/definitions/CredentialType"},"domain":{"type":"string"},"username":{"type":"string"}}},"TicketType":{"enum":["RC4","AES"],"type":"string","x-ms-enum":{"name":"TicketType","modelAsString":false}},"EmbeddedResource":{"type":"object","properties":{"id":{"format":"int32","type":"integer"},"name":{"type":"string"},"location":{"type":"string"},"referenceSourceLibraries":{"type":"array","items":{"$ref":"#/definitions/ReferenceSourceLibrary"},"readOnly":true},"gruntTasks":{"type":"array","items":{"$ref":"#/definitions/GruntTask"},"readOnly":true}}},"ReferenceSourceLibrary":{"type":"object","properties":{"id":{"format":"int32","type":"integer"},"name":{"type":"string"},"description":{"type":"string"},"location":{"type":"string"},"supportedDotNetVersions":{"type":"array","items":{"$ref":"#/definitions/DotNetVersion"}},"referenceAssemblies":{"type":"array","items":{"$ref":"#/definitions/ReferenceAssembly"},"readOnly":true},"embeddedResources":{"type":"array","items":{"$ref":"#/definitions/EmbeddedResource"},"readOnly":true},"gruntTasks":{"type":"array","items":{"$ref":"#/definitions/GruntTask"},"readOnly":true}}},"DotNetVersion":{"enum":["Net40","Net35","NetCore21"],"type":"string","x-ms-enum":{"name":"DotNetVersion","modelAsString":false}},"GruntTask":{"required":["name"],"type":"object","properties":{"id":{"format":"int32","type":"integer"},"name":{"type":"string"},"alternateNames":{"type":"array","items":{"type":"string"}},"description":{"type":"string"},"help":{"type":"string"},"language":{"$ref":"#/definitions/ImplantLanguage"},"code":{"type":"string"},"compiled":{"type":"boolean"},"referenceSourceLibraries":{"type":"array","items":{"$ref":"#/definitions/ReferenceSourceLibrary"},"readOnly":true},"referenceAssemblies":{"type":"array","items":{"$ref":"#/definitions/ReferenceAssembly"},"readOnly":true},"embeddedResources":{"type":"array","items":{"$ref":"#/definitions/EmbeddedResource"},"readOnly":true},"unsafeCompile":{"type":"boolean"},"tokenTask":{"type":"boolean"},"options":{"type":"array","items":{"$ref":"#/definitions/GruntTaskOption"}}}},"ImplantLanguage":{"enum":["CSharp"],"type":"string","x-ms-enum":{"name":"ImplantLanguage","modelAsString":false}},"ReferenceAssembly":{"type":"object","properties":{"id":{"format":"int32","type":"integer"},"name":{"type":"string"},"location":{"type":"string"},"dotNetVersion":{"$ref":"#/definitions/DotNetVersion"},"referenceSourceLibraries":{"type":"array","items":{"$ref":"#/definitions/ReferenceSourceLibrary"},"readOnly":true},"gruntTasks":{"type":"array","items":{"$ref":"#/definitions/GruntTask"},"readOnly":true}}},"GruntTaskOption":{"type":"object","properties":{"id":{"format":"int32","type":"integer"},"name":{"type":"string"},"value":{"type":"string"},"description":{"type":"string"},"suggestedValues":{"type":"array","items":{"type":"string"}},"optional":{"type":"boolean"},"displayInCommand":{"type":"boolean"},"gruntTaskId":{"format":"int32","type":"integer"},"task":{"$ref":"#/definitions/GruntTask"}}},"Event":{"type":"object","properties":{"id":{"format":"int32","type":"integer"},"time":{"format":"date-time","type":"string"},"messageHeader":{"type":"string"},"messageBody":{"type":"string"},"level":{"$ref":"#/definitions/EventLevel"},"type":{"$ref":"#/definitions/EventType"},"context":{"type":"string"}}},"EventLevel":{"enum":["Silent","Info","Warning","Highlight","Error"],"type":"string","x-ms-enum":{"name":"EventLevel","modelAsString":false}},"EventType":{"enum":["Normal","Download"],"type":"string","x-ms-enum":{"name":"EventType","modelAsString":false}},"DownloadEvent":{"type":"object","properties":{"fileName":{"type":"string"},"fileContents":{"type":"string"},"progress":{"$ref":"#/definitions/DownloadProgress"},"id":{"format":"int32","type":"integer"},"time":{"format":"date-time","type":"string"},"messageHeader":{"type":"string"},"messageBody":{"type":"string"},"level":{"$ref":"#/definitions/EventLevel"},"type":{"$ref":"#/definitions/EventType"},"context":{"type":"string"}}},"DownloadProgress":{"enum":["Portion","Complete"],"type":"string","x-ms-enum":{"name":"DownloadProgress","modelAsString":false}},"Grunt":{"required":["name","originalServerGuid","implantTemplateId","validateCert","useCertPinning","smbPipeName","delay","jitterPercent","connectAttempts","killDate","dotNetFrameworkVersion","status","integrity"],"type":"object","properties":{"id":{"format":"int32","type":"integer"},"name":{"type":"string"},"originalServerGuid":{"type":"string"},"guid":{"type":"string"},"children":{"type":"array","items":{"type":"string"}},"implantTemplateId":{"format":"int32","type":"integer"},"implantTemplate":{"$ref":"#/definitions/ImplantTemplate"},"validateCert":{"type":"boolean"},"useCertPinning":{"type":"boolean"},"smbPipeName":{"type":"string"},"listenerId":{"format":"int32","type":"integer"},"listener":{"$ref":"#/definitions/Listener"},"note":{"type":"string"},"delay":{"format":"int32","maximum":2147483647,"minimum":0,"type":"integer"},"jitterPercent":{"format":"int32","maximum":100,"minimum":0,"type":"integer"},"connectAttempts":{"format":"int32","maximum":2147483647,"minimum":0,"type":"integer"},"killDate":{"format":"date-time","type":"string"},"dotNetFrameworkVersion":{"$ref":"#/definitions/DotNetVersion"},"status":{"$ref":"#/definitions/GruntStatus"},"integrity":{"$ref":"#/definitions/IntegrityLevel"},"process":{"type":"string"},"userDomainName":{"type":"string"},"userName":{"type":"string"},"ipAddress":{"type":"string"},"hostname":{"type":"string"},"operatingSystem":{"type":"string"},"gruntSharedSecretPassword":{"type":"string"},"gruntRSAPublicKey":{"type":"string"},"gruntNegotiatedSessionKey":{"type":"string"},"gruntChallenge":{"type":"string"},"activationTime":{"format":"date-time","type":"string"},"lastCheckIn":{"format":"date-time","type":"string"},"powerShellImport":{"type":"string"},"gruntCommands":{"type":"array","items":{"$ref":"#/definitions/GruntCommand"}}}},"GruntStatus":{"enum":["Uninitialized","Stage0","Stage1","Stage2","Active","Lost","Killed","Disconnected","Hidden"],"type":"string","x-ms-enum":{"name":"GruntStatus","modelAsString":false}},"IntegrityLevel":{"enum":["Untrusted","Low","Medium","High","System"],"type":"string","x-ms-enum":{"name":"IntegrityLevel","modelAsString":false}},"ImplantTemplate":{"type":"object","properties":{"id":{"format":"int32","type":"integer"},"name":{"type":"string"},"description":{"type":"string"},"language":{"$ref":"#/definitions/ImplantLanguage"},"commType":{"$ref":"#/definitions/CommunicationType"},"stagerCode":{"type":"string"},"executorCode":{"type":"string"},"grunts":{"type":"array","items":{"$ref":"#/definitions/Grunt"}}}},"CommunicationType":{"enum":["HTTP","SMB","Bridge"],"type":"string","x-ms-enum":{"name":"CommunicationType","modelAsString":false}},"Listener":{"required":["name","guid","description","bindAddress","bindPort","connectAddresses","connectPort","profileId","listenerTypeId","status"],"type":"object","properties":{"id":{"format":"int32","type":"integer"},"name":{"maxLength":100,"minLength":0,"type":"string"},"guid":{"maxLength":100,"minLength":0,"pattern":"^[a-zA-Z0-9]*$","type":"string"},"description":{"type":"string"},"bindAddress":{"pattern":"^((25[0-5]|2[0-4][0-9]|[01]?[0-9][0-9]?)\\.){3}(25[0-5]|2[0-4][0-9]|[01]?[0-9][0-9]?)$","type":"string"},"bindPort":{"format":"int32","maximum":65535,"minimum":1,"type":"integer"},"connectAddresses":{"type":"array","items":{"type":"string"}},"connectPort":{"format":"int32","maximum":65535,"minimum":1,"type":"integer"},"profileId":{"format":"int32","type":"integer"},"profile":{"$ref":"#/definitions/Profile"},"listenerTypeId":{"format":"int32","type":"integer"},"listenerType":{"$ref":"#/definitions/ListenerType"},"status":{"$ref":"#/definitions/ListenerStatus"},"covenantToken":{"type":"string"},"startTime":{"format":"date-time","type":"string"}}},"ListenerStatus":{"enum":["Uninitialized","Active","Stopped"],"type":"string","x-ms-enum":{"name":"ListenerStatus","modelAsString":false}},"GruntCommand":{"required":["command","commandTime","userId"],"type":"object","properties":{"id":{"format":"int32","type":"integer"},"command":{"type":"string"},"commandTime":{"format":"date-time","type":"string"},"commandOutputId":{"format":"int32","type":"integer"},"commandOutput":{"$ref":"#/definitions/CommandOutput"},"userId":{"type":"string"},"user":{"$ref":"#/definitions/CovenantUser"},"gruntId":{"format":"int32","type":"integer"},"grunt":{"$ref":"#/definitions/Grunt"},"gruntTaskingId":{"format":"int32","type":"integer"},"gruntTasking":{"$ref":"#/definitions/GruntTasking"}}},"Profile":{"type":"object","properties":{"id":{"format":"int32","type":"integer"},"name":{"type":"string"},"description":{"type":"string"},"type":{"$ref":"#/definitions/ProfileType"},"messageTransform":{"type":"string"}}},"ProfileType":{"enum":["HTTP","Bridge"],"type":"string","x-ms-enum":{"name":"ProfileType","modelAsString":false}},"ListenerType":{"type":"object","properties":{"id":{"format":"int32","type":"integer"},"name":{"type":"string"},"description":{"type":"string"}}},"CommandOutput":{"required":["gruntCommandId"],"type":"object","properties":{"id":{"format":"int32","type":"integer"},"output":{"type":"string"},"gruntCommandId":{"format":"int32","type":"integer"},"gruntCommand":{"$ref":"#/definitions/GruntCommand"}}},"GruntTasking":{"required":["name","gruntId","gruntCommandId"],"type":"object","properties":{"id":{"format":"int32","type":"integer"},"name":{"type":"string"},"gruntId":{"format":"int32","type":"integer"},"grunt":{"$ref":"#/definitions/Grunt"},"gruntTaskId":{"format":"int32","type":"integer"},"gruntTask":{"$ref":"#/definitions/GruntTask"},"type":{"$ref":"#/definitions/GruntTaskingType"},"parameters":{"type":"array","items":{"type":"string"}},"gruntCommandId":{"format":"int32","type":"integer"},"gruntCommand":{"$ref":"#/definitions/GruntCommand"},"status":{"$ref":"#/definitions/GruntTaskingStatus"},"taskingTime":{"format":"date-time","type":"string"},"completionTime":{"format":"date-time","type":"string"}}},"GruntTaskingType":{"enum":["Assembly","SetDelay","SetJitter","SetConnectAttempts","Kill","Connect","Disconnect","Jobs"],"type":"string","x-ms-enum":{"name":"GruntTaskingType","modelAsString":false}},"GruntTaskingStatus":{"enum":["Uninitialized","Tasked","Progressed","Completed","Aborted"],"type":"string","x-ms-enum":{"name":"GruntTaskingStatus","modelAsString":false}},"Indicator":{"type":"object","properties":{"id":{"format":"int32","type":"integer"},"type":{"$ref":"#/definitions/IndicatorType"}}},"IndicatorType":{"enum":["FileIndicator","NetworkIndicator","TargetIndicator"],"type":"string","x-ms-enum":{"name":"IndicatorType","modelAsString":false}},"FileIndicator":{"type":"object","properties":{"fileName":{"type":"string"},"filePath":{"type":"string"},"shA2":{"type":"string"},"shA1":{"type":"string"},"mD5":{"type":"string"},"id":{"format":"int32","type":"integer"},"type":{"$ref":"#/definitions/IndicatorType"}}},"NetworkIndicator":{"type":"object","properties":{"protocol":{"type":"string"},"domain":{"type":"string"},"ipAddress":{"type":"string"},"port":{"format":"int32","type":"integer"},"uri":{"type":"string"},"id":{"format":"int32","type":"integer"},"type":{"$ref":"#/definitions/IndicatorType"}}},"TargetIndicator":{"type":"object","properties":{"computerName":{"type":"string"},"userName":{"type":"string"},"id":{"format":"int32","type":"integer"},"type":{"$ref":"#/definitions/IndicatorType"}}},"Launcher":{"type":"object","properties":{"id":{"format":"int32","type":"integer"},"listenerId":{"format":"int32","type":"integer"},"name":{"type":"string"},"description":{"type":"string"},"dotNetFrameworkVersion":{"$ref":"#/definitions/DotNetVersion"},"type":{"$ref":"#/definitions/LauncherType"},"implantTemplateId":{"format":"int32","type":"integer"},"validateCert":{"type":"boolean"},"useCertPinning":{"type":"boolean"},"smbPipeName":{"type":"string"},"delay":{"format":"int32","type":"integer"},"jitterPercent":{"format":"int32","type":"integer"},"connectAttempts":{"format":"int32","type":"integer"},"killDate":{"format":"date-time","type":"string"},"launcherString":{"type":"string"},"stagerCode":{"type":"string"},"base64ILByteString":{"type":"string"},"outputKind":{"$ref":"#/definitions/OutputKind"},"compressStager":{"type":"boolean"}}},"LauncherType":{"enum":["Wmic","Regsvr32","Mshta","Cscript","Wscript","PowerShell","Binary","MSBuild","InstallUtil"],"type":"string","x-ms-enum":{"name":"LauncherType","modelAsString":false}},"OutputKind":{"enum":["ConsoleApplication","WindowsApplication","DynamicallyLinkedLibrary","NetModule","WindowsRuntimeMetadata","WindowsRuntimeApplication"],"type":"string","x-ms-enum":{"name":"OutputKind","modelAsString":false}},"BinaryLauncher":{"type":"object","properties":{"id":{"format":"int32","type":"integer"},"listenerId":{"format":"int32","type":"integer"},"name":{"type":"string"},"description":{"type":"string"},"dotNetFrameworkVersion":{"$ref":"#/definitions/DotNetVersion"},"type":{"$ref":"#/definitions/LauncherType"},"implantTemplateId":{"format":"int32","type":"integer"},"validateCert":{"type":"boolean"},"useCertPinning":{"type":"boolean"},"smbPipeName":{"type":"string"},"delay":{"format":"int32","type":"integer"},"jitterPercent":{"format":"int32","type":"integer"},"connectAttempts":{"format":"int32","type":"integer"},"killDate":{"format":"date-time","type":"string"},"launcherString":{"type":"string"},"stagerCode":{"type":"string"},"base64ILByteString":{"type":"string"},"outputKind":{"$ref":"#/definitions/OutputKind"},"compressStager":{"type":"boolean"}}},"HostedFile":{"type":"object","properties":{"id":{"format":"int32","type":"integer"},"listenerId":{"format":"int32","type":"integer"},"path":{"type":"string"},"content":{"type":"string"}}},"PowerShellLauncher":{"type":"object","properties":{"parameterString":{"type":"string"},"powerShellCode":{"type":"string"},"encodedLauncherString":{"type":"string"},"id":{"format":"int32","type":"integer"},"listenerId":{"format":"int32","type":"integer"},"name":{"type":"string"},"description":{"type":"string"},"dotNetFrameworkVersion":{"$ref":"#/definitions/DotNetVersion"},"type":{"$ref":"#/definitions/LauncherType"},"implantTemplateId":{"format":"int32","type":"integer"},"validateCert":{"type":"boolean"},"useCertPinning":{"type":"boolean"},"smbPipeName":{"type":"string"},"delay":{"format":"int32","type":"integer"},"jitterPercent":{"format":"int32","type":"integer"},"connectAttempts":{"format":"int32","type":"integer"},"killDate":{"format":"date-time","type":"string"},"launcherString":{"type":"string"},"stagerCode":{"type":"string"},"base64ILByteString":{"type":"string"},"outputKind":{"$ref":"#/definitions/OutputKind"},"compressStager":{"type":"boolean"}}},"MSBuildLauncher":{"type":"object","properties":{"targetName":{"type":"string"},"taskName":{"type":"string"},"diskCode":{"type":"string"},"id":{"format":"int32","type":"integer"},"listenerId":{"format":"int32","type":"integer"},"name":{"type":"string"},"description":{"type":"string"},"dotNetFrameworkVersion":{"$ref":"#/definitions/DotNetVersion"},"type":{"$ref":"#/definitions/LauncherType"},"implantTemplateId":{"format":"int32","type":"integer"},"validateCert":{"type":"boolean"},"useCertPinning":{"type":"boolean"},"smbPipeName":{"type":"string"},"delay":{"format":"int32","type":"integer"},"jitterPercent":{"format":"int32","type":"integer"},"connectAttempts":{"format":"int32","type":"integer"},"killDate":{"format":"date-time","type":"string"},"launcherString":{"type":"string"},"stagerCode":{"type":"string"},"base64ILByteString":{"type":"string"},"outputKind":{"$ref":"#/definitions/OutputKind"},"compressStager":{"type":"boolean"}}},"InstallUtilLauncher":{"type":"object","properties":{"diskCode":{"type":"string"},"id":{"format":"int32","type":"integer"},"listenerId":{"format":"int32","type":"integer"},"name":{"type":"string"},"description":{"type":"string"},"dotNetFrameworkVersion":{"$ref":"#/definitions/DotNetVersion"},"type":{"$ref":"#/definitions/LauncherType"},"implantTemplateId":{"format":"int32","type":"integer"},"validateCert":{"type":"boolean"},"useCertPinning":{"type":"boolean"},"smbPipeName":{"type":"string"},"delay":{"format":"int32","type":"integer"},"jitterPercent":{"format":"int32","type":"integer"},"connectAttempts":{"format":"int32","type":"integer"},"killDate":{"format":"date-time","type":"string"},"launcherString":{"type":"string"},"stagerCode":{"type":"string"},"base64ILByteString":{"type":"string"},"outputKind":{"$ref":"#/definitions/OutputKind"},"compressStager":{"type":"boolean"}}},"WmicLauncher":{"type":"object","properties":{"scriptLanguage":{"$ref":"#/definitions/ScriptingLanguage"},"progId":{"type":"string"},"diskCode":{"type":"string"},"id":{"format":"int32","type":"integer"},"listenerId":{"format":"int32","type":"integer"},"name":{"type":"string"},"description":{"type":"string"},"dotNetFrameworkVersion":{"$ref":"#/definitions/DotNetVersion"},"type":{"$ref":"#/definitions/LauncherType"},"implantTemplateId":{"format":"int32","type":"integer"},"validateCert":{"type":"boolean"},"useCertPinning":{"type":"boolean"},"smbPipeName":{"type":"string"},"delay":{"format":"int32","type":"integer"},"jitterPercent":{"format":"int32","type":"integer"},"connectAttempts":{"format":"int32","type":"integer"},"killDate":{"format":"date-time","type":"string"},"launcherString":{"type":"string"},"stagerCode":{"type":"string"},"base64ILByteString":{"type":"string"},"outputKind":{"$ref":"#/definitions/OutputKind"},"compressStager":{"type":"boolean"}}},"ScriptingLanguage":{"enum":["JScript","VBScript"],"type":"string","x-ms-enum":{"name":"ScriptingLanguage","modelAsString":false}},"Regsvr32Launcher":{"type":"object","properties":{"parameterString":{"type":"string"},"dllName":{"type":"string"},"scriptLanguage":{"$ref":"#/definitions/ScriptingLanguage"},"progId":{"type":"string"},"diskCode":{"type":"string"},"id":{"format":"int32","type":"integer"},"listenerId":{"format":"int32","type":"integer"},"name":{"type":"string"},"description":{"type":"string"},"dotNetFrameworkVersion":{"$ref":"#/definitions/DotNetVersion"},"type":{"$ref":"#/definitions/LauncherType"},"implantTemplateId":{"format":"int32","type":"integer"},"validateCert":{"type":"boolean"},"useCertPinning":{"type":"boolean"},"smbPipeName":{"type":"string"},"delay":{"format":"int32","type":"integer"},"jitterPercent":{"format":"int32","type":"integer"},"connectAttempts":{"format":"int32","type":"integer"},"killDate":{"format":"date-time","type":"string"},"launcherString":{"type":"string"},"stagerCode":{"type":"string"},"base64ILByteString":{"type":"string"},"outputKind":{"$ref":"#/definitions/OutputKind"},"compressStager":{"type":"boolean"}}},"MshtaLauncher":{"type":"object","properties":{"scriptLanguage":{"$ref":"#/definitions/ScriptingLanguage"},"progId":{"type":"string"},"diskCode":{"type":"string"},"id":{"format":"int32","type":"integer"},"listenerId":{"format":"int32","type":"integer"},"name":{"type":"string"},"description":{"type":"string"},"dotNetFrameworkVersion":{"$ref":"#/definitions/DotNetVersion"},"type":{"$ref":"#/definitions/LauncherType"},"implantTemplateId":{"format":"int32","type":"integer"},"validateCert":{"type":"boolean"},"useCertPinning":{"type":"boolean"},"smbPipeName":{"type":"string"},"delay":{"format":"int32","type":"integer"},"jitterPercent":{"format":"int32","type":"integer"},"connectAttempts":{"format":"int32","type":"integer"},"killDate":{"format":"date-time","type":"string"},"launcherString":{"type":"string"},"stagerCode":{"type":"string"},"base64ILByteString":{"type":"string"},"outputKind":{"$ref":"#/definitions/OutputKind"},"compressStager":{"type":"boolean"}}},"CscriptLauncher":{"type":"object","properties":{"scriptLanguage":{"$ref":"#/definitions/ScriptingLanguage"},"progId":{"type":"string"},"diskCode":{"type":"string"},"id":{"format":"int32","type":"integer"},"listenerId":{"format":"int32","type":"integer"},"name":{"type":"string"},"description":{"type":"string"},"dotNetFrameworkVersion":{"$ref":"#/definitions/DotNetVersion"},"type":{"$ref":"#/definitions/LauncherType"},"implantTemplateId":{"format":"int32","type":"integer"},"validateCert":{"type":"boolean"},"useCertPinning":{"type":"boolean"},"smbPipeName":{"type":"string"},"delay":{"format":"int32","type":"integer"},"jitterPercent":{"format":"int32","type":"integer"},"connectAttempts":{"format":"int32","type":"integer"},"killDate":{"format":"date-time","type":"string"},"launcherString":{"type":"string"},"stagerCode":{"type":"string"},"base64ILByteString":{"type":"string"},"outputKind":{"$ref":"#/definitions/OutputKind"},"compressStager":{"type":"boolean"}}},"WscriptLauncher":{"type":"object","properties":{"scriptLanguage":{"$ref":"#/definitions/ScriptingLanguage"},"progId":{"type":"string"},"diskCode":{"type":"string"},"id":{"format":"int32","type":"integer"},"listenerId":{"format":"int32","type":"integer"},"name":{"type":"string"},"description":{"type":"string"},"dotNetFrameworkVersion":{"$ref":"#/definitions/DotNetVersion"},"type":{"$ref":"#/definitions/LauncherType"},"implantTemplateId":{"format":"int32","type":"integer"},"validateCert":{"type":"boolean"},"useCertPinning":{"type":"boolean"},"smbPipeName":{"type":"string"},"delay":{"format":"int32","type":"integer"},"jitterPercent":{"format":"int32","type":"integer"},"connectAttempts":{"format":"int32","type":"integer"},"killDate":{"format":"date-time","type":"string"},"launcherString":{"type":"string"},"stagerCode":{"type":"string"},"base64ILByteString":{"type":"string"},"outputKind":{"$ref":"#/definitions/OutputKind"},"compressStager":{"type":"boolean"}}},"HttpListener":{"required":["useSSL","urls","name","guid","description","bindAddress","bindPort","connectAddresses","connectPort","profileId","listenerTypeId","status"],"type":"object","properties":{"useSSL":{"type":"boolean"},"sslCertificate":{"type":"string"},"sslCertificatePassword":{"type":"string"},"sslCertHash":{"type":"string"},"urls":{"type":"array","items":{"type":"string"}},"id":{"format":"int32","type":"integer"},"name":{"maxLength":100,"minLength":0,"type":"string"},"guid":{"maxLength":100,"minLength":0,"pattern":"^[a-zA-Z0-9]*$","type":"string"},"description":{"type":"string"},"bindAddress":{"pattern":"^((25[0-5]|2[0-4][0-9]|[01]?[0-9][0-9]?)\\.){3}(25[0-5]|2[0-4][0-9]|[01]?[0-9][0-9]?)$","type":"string"},"bindPort":{"format":"int32","maximum":65535,"minimum":1,"type":"integer"},"connectAddresses":{"type":"array","items":{"type":"string"}},"connectPort":{"format":"int32","maximum":65535,"minimum":1,"type":"integer"},"profileId":{"format":"int32","type":"integer"},"profile":{"$ref":"#/definitions/Profile"},"listenerTypeId":{"format":"int32","type":"integer"},"listenerType":{"$ref":"#/definitions/ListenerType"},"status":{"$ref":"#/definitions/ListenerStatus"},"covenantToken":{"type":"string"},"startTime":{"format":"date-time","type":"string"}}},"HttpProfile":{"type":"object","properties":{"httpUrls":{"type":"array","items":{"type":"string"}},"httpRequestHeaders":{"type":"array","items":{"$ref":"#/definitions/HttpProfileHeader"}},"httpResponseHeaders":{"type":"array","items":{"$ref":"#/definitions/HttpProfileHeader"}},"httpPostRequest":{"type":"string"},"httpGetResponse":{"type":"string"},"httpPostResponse":{"type":"string"},"id":{"format":"int32","type":"integer"},"name":{"type":"string"},"description":{"type":"string"},"type":{"$ref":"#/definitions/ProfileType"},"messageTransform":{"type":"string"}}},"HttpProfileHeader":{"type":"object","properties":{"name":{"type":"string"},"value":{"type":"string"}}}},"securityDefinitions":{"Bearer":{"name":"Authorization","in":"header","type":"apiKey","description":"JWT Authorization header using the Bearer scheme. Example: \"Authorization: Bearer {token}\""}}}